title,keywords,url
"Rocky Chavez Speech - October, 2013",rocky+chavez+campaign+speech,https://www.youtube.com/watch?v=2DzPhlrZIl8
Peter Nunez and Rocky Chavez on Amnesty,rocky+chavez+campaign+speech,https://www.youtube.com/watch?v=GNewii7L1BY
Oceanside Assemblyman Rocky Chavez Enters Race For 49th Congressional Seat,rocky+chavez+campaign+speech,https://www.youtube.com/watch?v=xbZKK2Au2KE
Colonel Rocky Chavez Announces Exploratory Committee,rocky+chavez+campaign+speech,https://www.youtube.com/watch?v=_zxuUYLkXg8
AHC Candidate Forum - Rocky Chavez (R),rocky+chavez+campaign+speech,https://www.youtube.com/watch?v=1bw9yA0v5sI
Chavez delivers victory speech; celebrations; newspapers headlines,rocky+chavez+campaign+speech,https://www.youtube.com/watch?v=KkXRnX-MXxY
Rocky Chavez leaves Senate race with a surprise announcement,rocky+chavez+campaign+speech,https://www.youtube.com/watch?v=tp4KQG0Xd64
Cesar Chavez     California Commonwealth Club Address,rocky+chavez+campaign+speech,https://www.youtube.com/watch?v=qB1jwR1h9qo
ROCKY CHAVEZ - Trump Administration - 49th Congressional District Candidate,rocky+chavez+campaign+speech,https://www.youtube.com/watch?v=gIdE0JAliXE
California Edition with CA Assembly Member Rocky Chavez (R),rocky+chavez+campaign+speech,https://www.youtube.com/watch?v=BCe4FfNJZuY
Assemblyman Rocky Chavez at Oceanside VOTERS CALL THE SHOTS Rally 6/12/15,rocky+chavez+campaign+speech,https://www.youtube.com/watch?v=c1lM-1CVD3I
Remembering Hugo Chavez's U.N. 'Devil Speech',rocky+chavez+campaign+speech,https://www.youtube.com/watch?v=Wsxmod0TSAo
Barack Obama Endorses Colonel Doug Applegate,rocky+chavez+campaign+speech,https://www.youtube.com/watch?v=i9E0MdQ0irY
Ryan Gilmore Sr President,rocky+chavez+campaign+speech,https://www.youtube.com/watch?v=UcQ33mK-qS4
"CA 49, Rocky Chavez, NBC Politically Speaking Interview, 4-16-18",rocky+chavez+campaign+speech,https://www.youtube.com/watch?v=MmtJJbS_Oz8
Rocky Chavez is Fighting for California,rocky+chavez+campaign+speech,https://www.youtube.com/watch?v=cjptQEX4KjM
David Min (for Congress?!) Needlessly Shames Trump Supporters,rocky+chavez+campaign+speech,https://www.youtube.com/watch?v=l5peUQmxFyU
Brian Maryott Maryott For Congress,rocky+chavez+campaign+speech,https://www.youtube.com/watch?v=vXy2FNAING4
Hugo Chávez's 14 years as Venezuelan president,rocky+chavez+campaign+speech,https://www.youtube.com/watch?v=SwNmYaaindU
Uncut speech: Obama designates Cesar E. Chavez National Monument,rocky+chavez+campaign+speech,https://www.youtube.com/watch?v=ej21XKU8pEw
Donald Trump's entire speech at the Al Smith dinner,ande+smith+campaign+speech,https://www.youtube.com/watch?v=NnRVAzFa6Og
FULL SPEECH: Donald Trump ROASTS Hillary Clinton At The Alfred E Smith Memorial Dinner (10/20/2016),ande+smith+campaign+speech,https://www.youtube.com/watch?v=oniAhOcxGxk
Candidate Morty Presidential Debate Speech - President Morty Assassination,ande+smith+campaign+speech,https://www.youtube.com/watch?v=t2S0_JKSm1Q
Roosevelt Campaigns for President (1932),ande+smith+campaign+speech,https://www.youtube.com/watch?v=KUnihvqYBVw
Summer Smith's Campaign Speech,ande+smith+campaign+speech,https://www.youtube.com/watch?v=mNzc51w2kFE
Rick and Morty - Morty's presidential speech scene,ande+smith+campaign+speech,https://www.youtube.com/watch?v=-pYP3hnhmlw
The Speech that Made Obama President,ande+smith+campaign+speech,https://www.youtube.com/watch?v=OFPwDe22CoY
Jim Smith Judicial Campaign Kickoff - Kickoff Speech (Part 3 of 4),ande+smith+campaign+speech,https://www.youtube.com/watch?v=VhR-J2bPkd8
"""A Time for Choosing"" by Ronald Reagan",ande+smith+campaign+speech,https://www.youtube.com/watch?v=qXBswFfh6AY
Demetria Smith for Governor campaign speech on freedom,ande+smith+campaign+speech,https://www.youtube.com/watch?v=WfYBZnuTbX0
George W Bush's Al Smith dinner speech 2000 .FUNNY!,ande+smith+campaign+speech,https://www.youtube.com/watch?v=Te5847t3CU0
Meet the Candidate Speech: Andrew Smith,ande+smith+campaign+speech,https://www.youtube.com/watch?v=rPFvgUOdF50
Hillary Clinton's Campaign Speech From Independence Hall,ande+smith+campaign+speech,https://www.youtube.com/watch?v=k5jhE-ztNkk
Ande Smith for Congress,ande+smith+campaign+speech,https://www.youtube.com/channel/UCziho1ujEr4sZWefOydN35w
Candidate Morty's Big Reveal (Rick and Morty Season 3),ande+smith+campaign+speech,https://www.youtube.com/watch?v=8FJg9ZrvaGc
How to Win your Student Council Election,ande+smith+campaign+speech,https://www.youtube.com/watch?v=EwVXDP92dXs
Al Gore Campaign Speech (1988),ande+smith+campaign+speech,https://www.youtube.com/watch?v=NH9DADap7rE
Speech that Made Trump President,ande+smith+campaign+speech,https://www.youtube.com/watch?v=szaKnOhJbow
Sydney Smith Campaign Speech for Minister of School Spirt,ande+smith+campaign+speech,https://www.youtube.com/watch?v=znreRIFG5cI
"Full Speech: Donald Trump Rally in Bangor, Maine (10/15/2016) Trump Live Bangor Maine Speech",ande+smith+campaign+speech,https://www.youtube.com/watch?v=2ZjRJmMmVb4
Bernie Sanders Super Tuesday Speech,rochelle+marie+pingree+campaign+speech,https://www.youtube.com/watch?v=f7MQQ3jrpzQ
"Clinton Campaign Chair: No Wall St Speech Transcripts, No Specifics",rochelle+marie+pingree+campaign+speech,https://www.youtube.com/watch?v=HpfzjyzR8_U
Speeches,rochelle+marie+pingree+campaign+speech,https://www.youtube.com/watch?v=khK9fIgoNjQ&list=PLZI6hvskWmCvpG4Ytq7d4fMOmH5JJgkM_
"Mary Burke at Fighting Bob Fest-September 13, 2014",rochelle+marie+pingree+campaign+speech,https://www.youtube.com/watch?v=PXmgaILjfmE
Clinton's Massive Speech Salary Called Spotlights Special Interest,rochelle+marie+pingree+campaign+speech,https://www.youtube.com/watch?v=1xM5gCkkENQ
"Clinton Repeatedly Grilled By Nevada Voter On Paid Speeches, Gay Marriage",rochelle+marie+pingree+campaign+speech,https://www.youtube.com/watch?v=iqJGUph1ju0
Fallacies in Hillary Clinton's anti-Trump speech PT. 1,rochelle+marie+pingree+campaign+speech,https://www.youtube.com/watch?v=0pR_An7uf4I
Clinton Campaign Manager Dodges Questions on Hypocrisy Over Hillary’s Paid Verizon Speech,rochelle+marie+pingree+campaign+speech,https://www.youtube.com/watch?v=UQ2m3ekuiYE
Jesse Jackson Campaign Speech 1988,rochelle+marie+pingree+campaign+speech,https://www.youtube.com/watch?v=SkMdFjb-jio
NHS Campaign Speeches For Officer Positions 2016-2017,rochelle+marie+pingree+campaign+speech,https://www.youtube.com/watch?v=jPKisEUeWEg
BERNIE SANDERS vs HILLARY CLINTON Democratic Presidential Debate In Flint Michigan (FULL DEBATE),rochelle+marie+pingree+campaign+speech,https://www.youtube.com/watch?v=eEfxalQNwKY
Anonymous - Message to Hillary Clinton,rochelle+marie+pingree+campaign+speech,https://www.youtube.com/watch?v=OTMaIX_JPE4
This Video SHOULD Cost Hillary Clinton The Black Vote,rochelle+marie+pingree+campaign+speech,https://www.youtube.com/watch?v=8k4nmRZx9nc
Delegate speech,rochelle+marie+pingree+campaign+speech,https://www.youtube.com/watch?v=N0Ux8EBLeC0
Candidate Speech   Justin,rochelle+marie+pingree+campaign+speech,https://www.youtube.com/watch?v=xa93KcdZ2qo
Blaine Higgs Fundraiser Speech May 2016,rochelle+marie+pingree+campaign+speech,https://www.youtube.com/watch?v=f9zuhvVCd9I
Watch Sen. Bernie Sanders’ full speech at the 2016 Democratic National Convention,rochelle+marie+pingree+campaign+speech,https://www.youtube.com/watch?v=9rtXaPV5SYM
[VIDEO] Hillary Clinton-Goldman Sachs Ties Summed Up Here Perfectly,rochelle+marie+pingree+campaign+speech,https://www.youtube.com/watch?v=QvmKWCB-5cI
Bernie Sanders Campaign Speeches,rochelle+marie+pingree+campaign+speech,https://www.youtube.com/watch?v=b8d6eyGQ6KQ&list=PLF8AiDV4cOgbOLpCQUiSrpQhBWhQ5lZAt
Bernie Sanders Demands Hillary Clinton Release Her Transcripts,rochelle+marie+pingree+campaign+speech,https://www.youtube.com/watch?v=WjVfd8LFHYM
P.G. Sittenfeld Swearing-In Speech,p+g+sittenfeld+campaign+speech,https://www.youtube.com/watch?v=RUXhHiKBwcE
P.G. Sittenfeld Kickoff Speech: Realizing a Cincinnati Renaissance,p+g+sittenfeld+campaign+speech,https://www.youtube.com/watch?v=H8wXLPUM1Dc
PG Sittenfeld The Path Forward,p+g+sittenfeld+campaign+speech,https://www.youtube.com/watch?v=7ztKoN6Dd4I
PG Sittenfeld Cum Laude Speech,p+g+sittenfeld+campaign+speech,https://www.youtube.com/watch?v=hHY4TJhA7q4
P.G. Sittenfeld LEAD PAC Speech,p+g+sittenfeld+campaign+speech,https://www.youtube.com/watch?v=U3xu4RSpfJ4
PG Sittenfeld Black Lives Matter Keynote Address at Center of Hope Baptist Church,p+g+sittenfeld+campaign+speech,https://www.youtube.com/watch?v=BmRlJl8uf94
Who Is P.G. Sittenfeld?,p+g+sittenfeld+campaign+speech,https://www.youtube.com/watch?v=zzys_LzbiBE
City councilman PG Sittenfeld's speech at the streetcar grand opening,p+g+sittenfeld+campaign+speech,https://www.youtube.com/watch?v=WNcBFRhT140
"PG Sittenfeld for Senate: ""Willing""",p+g+sittenfeld+campaign+speech,https://www.youtube.com/watch?v=xdAN57UtNYA
Here's what we're fighting for... | PG Sittenfeld for Senate,p+g+sittenfeld+campaign+speech,https://www.youtube.com/watch?v=Kt04xkdjlhM
"PG Sittenfeld TV Ad: ""Tradition""",p+g+sittenfeld+campaign+speech,https://www.youtube.com/watch?v=ah61nDGxnUc
"PG Sittenfeld Inauguration Speech - Jan. 2nd, 2018",p+g+sittenfeld+campaign+speech,https://www.youtube.com/watch?v=0Gkd9-aeM58
P.G. Sittenfeld: Protect,p+g+sittenfeld+campaign+speech,https://www.youtube.com/watch?v=faHNLzHgR6U
"P.G. Sittenfeld: ""Morning""",p+g+sittenfeld+campaign+speech,https://www.youtube.com/watch?v=7y6fv8xQwa0
PG Sittenfeld on sparking the political interests of young people,p+g+sittenfeld+campaign+speech,https://www.youtube.com/watch?v=fKU7QRgbvz8
"Getting to know PG Sittenfeld, Cincinnati City Councilman",p+g+sittenfeld+campaign+speech,https://www.youtube.com/watch?v=lGtvRtWyxSM
Modern,p+g+sittenfeld+campaign+speech,https://www.youtube.com/watch?v=8SVA6ML5fxs
"PG Sittenfeld for City Council 2017: ""Mow""",p+g+sittenfeld+campaign+speech,https://www.youtube.com/watch?v=6mbZDgFH18o
"P.G. Sittenfeld: ""Safe""",p+g+sittenfeld+campaign+speech,https://www.youtube.com/watch?v=7aEbOpW-yFQ
PG Sittenfeld on Black Lives Matter at Center of Hope Baptist,p+g+sittenfeld+campaign+speech,https://www.youtube.com/watch?v=8Q2m-khWinA
Boehner: Election a referendum on Obama,john+andrew+boehner+campaign+speech,https://www.youtube.com/watch?v=MQZc0dOn_Ic
Boehner chokes up during opening speech,john+andrew+boehner+campaign+speech,https://www.youtube.com/watch?v=V-UlbJO6gHI
OH:BOEHNER-ELECTIONS,john+andrew+boehner+campaign+speech,https://www.youtube.com/watch?v=D20qdhjua7Y
John Boehner Gets Emotional at NRCC,john+andrew+boehner+campaign+speech,https://www.youtube.com/watch?v=3jx_zpyJY7Y
LCV Profile: House Republican Leader John Boehner Campaigns in Ohio,john+andrew+boehner+campaign+speech,https://www.youtube.com/watch?v=yRWGACr0AdI
Speaker Boehner on Romney's speech,john+andrew+boehner+campaign+speech,https://www.youtube.com/watch?v=_M7YrIQz-E8
House Speaker John Boehner Discusses Working With President Obama,john+andrew+boehner+campaign+speech,https://www.youtube.com/watch?v=MxHFLkUQJzk
John Boehner's Farewell Speech to the House,john+andrew+boehner+campaign+speech,https://www.youtube.com/watch?v=uJci1auqcTs
Boehner makes first Romney campaign appearance,john+andrew+boehner+campaign+speech,https://www.youtube.com/watch?v=SjDDdljCxkg
Boehner Crying,john+andrew+boehner+campaign+speech,https://www.youtube.com/watch?v=FyxioZZdiTg
Boehner: Now's not the time for Obama to campaign,john+andrew+boehner+campaign+speech,https://www.youtube.com/watch?v=lzXSrcAooqI
"President Obama, House Speaker John Boehner 'Taxmaggedon' Showdown",john+andrew+boehner+campaign+speech,https://www.youtube.com/watch?v=aayWBxVAo9A
WX:BOEHNER CRIES,john+andrew+boehner+campaign+speech,https://www.youtube.com/watch?v=E1OlwUWkuHw
CNN: John Boehner: Putting Washington on notice,john+andrew+boehner+campaign+speech,https://www.youtube.com/watch?v=_bA8CxIwkZQ
John Boehner cries during Pope Francis' speech,john+andrew+boehner+campaign+speech,https://www.youtube.com/watch?v=268RC1GYFtI
John Boehner: Next Speaker of the House?,john+andrew+boehner+campaign+speech,https://www.youtube.com/watch?v=SSJpxlSXIC0
John Boehner resigns as Speaker of the House,john+andrew+boehner+campaign+speech,https://www.youtube.com/watch?v=oZ5H-8eoPHk
President Obama on Speaker Boehner (C-SPAN),john+andrew+boehner+campaign+speech,https://www.youtube.com/watch?v=bQUK5lqL7E0
(Full Speech) John Boehner rips Obama's immigration ...,john+andrew+boehner+campaign+speech,https://www.youtube.com/watch?v=PLdVDM_b2V4
Boehner says goodbye to House colleagues,john+andrew+boehner+campaign+speech,https://www.youtube.com/watch?v=0VHVFoAtAOA
Dave Min at CA-45 Candidate Forum,ron+varasteh+campaign+speech,https://www.youtube.com/watch?v=TiBdz1XNTHM
Ron Varasteh on Climate Change,ron+varasteh+campaign+speech,https://www.youtube.com/watch?v=Hjn_sjao3TM
Ron Paul BEST SPEECH EVER Maryland 3-28-12,ron+varasteh+campaign+speech,https://www.youtube.com/watch?v=keAXmbElscE
Ron Varasteh on The Best of Southern California,ron+varasteh+campaign+speech,https://www.youtube.com/watch?v=oj36xYWocw8
Eminem — Campaign Speech (Cover),ron+varasteh+campaign+speech,https://www.youtube.com/watch?v=C75k8w3__fc
Katie Porter at CA-45 Candidate Forum,ron+varasteh+campaign+speech,https://www.youtube.com/watch?v=3IUlsyXSAQk
Isaiah Campaign Speech,ron+varasteh+campaign+speech,https://www.youtube.com/watch?v=1hdHopfuVdU
Brian Forde for Congress at CA-45 Candidate Forum,ron+varasteh+campaign+speech,https://www.youtube.com/watch?v=3rjZhTlGLA8
Parnell 2010 Ad: My Job,ron+varasteh+campaign+speech,https://www.youtube.com/watch?v=tFWiMkTcpRA
9in9 US Representative Leonard Boswell,ron+varasteh+campaign+speech,https://www.youtube.com/watch?v=vaSh7tyiJDk
"Message Home, from The Hill",ron+varasteh+campaign+speech,https://www.youtube.com/watch?v=bo9975JZfaI
The Best Political Speech Ever,ron+varasteh+campaign+speech,https://www.youtube.com/watch?v=-94i0AJnJQo
"20. ""Ron's Speech"" - Harry Potter and the Deathly Hallows (soundtrack)",ron+varasteh+campaign+speech,https://www.youtube.com/watch?v=n-6VuniU0zE
Ron Returns (Clip) - Deathly Hallows: Part 1,ron+varasteh+campaign+speech,https://www.youtube.com/watch?v=afhle7-9nzU
Eminem - Campaign Speech,ron+varasteh+campaign+speech,https://www.youtube.com/watch?v=ZvqYabGI6HQ
The Campaign  (The Greatest Political Speech Ever in 50 sec) .wmv,ron+varasteh+campaign+speech,https://www.youtube.com/watch?v=CeXUo-UgXRs
Ron's Speech (Extended),ron+varasteh+campaign+speech,https://www.youtube.com/watch?v=4y-CfpkibI0
20 - Rons Speech - Harry Potter and the Deathly Hallows Soundtrack (Alexandre Desplat),ron+varasteh+campaign+speech,https://www.youtube.com/watch?v=8gPbenJsZgc
The Speech that Made Obama President,ron+varasteh+campaign+speech,https://www.youtube.com/watch?v=OFPwDe22CoY
BRGY CAPT HARRY ROSALES ERAN's CAMPAIGN SPEECH,ron+varasteh+campaign+speech,https://www.youtube.com/watch?v=gYxNJZ9i4bI
2016 Senate Debate between Sen. Mike Lee & Misty K. Snow,misty+k.+snow+campaign+speech,https://www.youtube.com/watch?v=_isXgGB7k-o
Transgender Candidate Misty Snow Fights On In Senate Race | NBC News,misty+k.+snow+campaign+speech,https://www.youtube.com/watch?v=Sd0eSDPEXeM
Transgender woman makes historic run at Senate,misty+k.+snow+campaign+speech,https://www.youtube.com/watch?v=5RgDl5R0ISQ
Utah Debate. Utah U.S. Senate Debate Between Sen. Mike Lee and Challenger Misty Snow.  Oct. 12. 2016,misty+k.+snow+campaign+speech,https://www.youtube.com/watch?v=8ugkWFxeSjg
Interview With Misty Snow—A Berniecrat U.S. Senate Candidate From Utah,misty+k.+snow+campaign+speech,https://www.youtube.com/watch?v=95inissmMog
New Day,misty+k.+snow+campaign+speech,https://www.youtube.com/watch?v=V6f-8AUzL4g&list=PLodYqgaM8C02rMa9lOAcIOVnCKOFVvPrT
Mariah Phillips for Congress for Tennessee (Speech),misty+k.+snow+campaign+speech,https://www.youtube.com/watch?v=5dl7V73tTPA
U.S. Senate Debate: Johnson vs Feingold,misty+k.+snow+campaign+speech,https://www.youtube.com/watch?v=ioO7brG1dOg
Pete Ashdown Speaks to Caucus Meetings,misty+k.+snow+campaign+speech,https://www.youtube.com/watch?v=Ws95N-fnPwY
The bottle o stuff,misty+k.+snow+campaign+speech,https://www.youtube.com/watch?v=oN2Xs-MvxLw&list=PLJv14UgLC7c7Twln4i0WD4PpguEXovWrq
UTAH MAY ELECT THE FIRST TRANNY U. S. SENATOR ‘MISTY SNOW’,misty+k.+snow+campaign+speech,https://www.youtube.com/watch?v=_hIwwx-afwQ
Vanessa Adia For Congress 2018,misty+k.+snow+campaign+speech,https://www.youtube.com/watch?v=Tj3g1OJacrM
Sitting Down with John Harper and Peter Tomala,misty+k.+snow+campaign+speech,https://www.youtube.com/watch?v=keaoJFui0Qs
U.S. Senate Debate 2016,misty+k.+snow+campaign+speech,https://www.youtube.com/watch?v=b-CsYs-g5eM
UTDC Debates,misty+k.+snow+campaign+speech,https://www.youtube.com/watch?v=9Jk4Ya1tXp0&list=PLJLCCRyZhkaY7c3JUre4fGbQ3VGRwdFdS
Meet The Mistys — The 2 Transgender Women Making Political History,misty+k.+snow+campaign+speech,https://www.youtube.com/watch?v=t8TPSwRdXiM
Meet the Two Trans Women Making History as First to Win Major-Party Primary Elections,misty+k.+snow+campaign+speech,https://www.youtube.com/watch?v=vTI62s7frz8
1st Congressional Debate at Weber State University,misty+k.+snow+campaign+speech,https://www.youtube.com/watch?v=bei5GOCVF-Y
The Transgender Women Running for Congress — and Making History,misty+k.+snow+campaign+speech,https://www.youtube.com/watch?v=JzyH-KR5Jv0
Utah Debate Commission,misty+k.+snow+campaign+speech,https://www.youtube.com/channel/UCddicz9paYXekXtmllNjgtw
How to Win your Student Council Election,timothy+a+representa+huelskamp+campaign+speech,https://www.youtube.com/watch?v=EwVXDP92dXs
Eminem - Campaign Speech,timothy+a+representa+huelskamp+campaign+speech,https://www.youtube.com/watch?v=ZvqYabGI6HQ
Student Council Campaign Speeches 2017,timothy+a+representa+huelskamp+campaign+speech,https://www.youtube.com/watch?v=LfuNqmmWQ2k
The Greatest Highschool Presidential Speech Ever - Subtitled [HD] Daniel Thompson,timothy+a+representa+huelskamp+campaign+speech,https://www.youtube.com/watch?v=InklGsjyxwo
The best speech campaign GE14 so far.,timothy+a+representa+huelskamp+campaign+speech,https://www.youtube.com/watch?v=BNni6ybcWdY
The Speech that Made Obama President,timothy+a+representa+huelskamp+campaign+speech,https://www.youtube.com/watch?v=OFPwDe22CoY
"SIMPLY AMAZING: Donald Trump MASSIVE Rally in Wilkes-Barre, Pennsylvania (10/10/2016) FULL SPEECH HD",timothy+a+representa+huelskamp+campaign+speech,https://www.youtube.com/watch?v=Tsp8tsucJvU
Winning Student Council Elections With A Meme || campaign and speech!,timothy+a+representa+huelskamp+campaign+speech,https://www.youtube.com/watch?v=xVCyjYeGXTs
"""A Time for Choosing"" by Ronald Reagan",timothy+a+representa+huelskamp+campaign+speech,https://www.youtube.com/watch?v=qXBswFfh6AY
Jenaly's Presidential Election Speech,timothy+a+representa+huelskamp+campaign+speech,https://www.youtube.com/watch?v=QDqS3Z4SVqE
Eminem - Campaign Speech Lyrics (New 2016) (Trump Diss),timothy+a+representa+huelskamp+campaign+speech,https://www.youtube.com/watch?v=I8tnKuVjSRI
Reagan Campaign event. 31 October 1980,timothy+a+representa+huelskamp+campaign+speech,https://www.youtube.com/watch?v=inP4mEU4LVs
Imran khan speech in Bannu jalsa 2018 part 1 | PTI Election 2018 campaign,timothy+a+representa+huelskamp+campaign+speech,https://www.youtube.com/watch?v=qsv15xevDDE
Amazing Student Council Campaign Speech,timothy+a+representa+huelskamp+campaign+speech,https://www.youtube.com/watch?v=USLZNKBd3_A
"President Obama's Full Speech from His Final Rally -  Des Moines, Iowa",timothy+a+representa+huelskamp+campaign+speech,https://www.youtube.com/watch?v=pAV9Tic_bYo
Donald Trump's Funniest Insults and Comebacks,timothy+a+representa+huelskamp+campaign+speech,https://www.youtube.com/watch?v=C-n3AMxdgsY
VEEP - Julia Louis-Dreyfus & Timothy Simons | 2016 Peabody Award Acceptance Speech,timothy+a+representa+huelskamp+campaign+speech,https://www.youtube.com/watch?v=XV9Z0klWjas
Apple CEO Tim Cook Delivers The 2017 MIT Commencement Speech | TIME,timothy+a+representa+huelskamp+campaign+speech,https://www.youtube.com/watch?v=3NXjUpo-1q8
Watch first lady Michelle Obama’s full speech at the 2016 Democratic National Convention,timothy+a+representa+huelskamp+campaign+speech,https://www.youtube.com/watch?v=4ZNWYqDU948
PTI Little Kid Great Speech In Front Of Imran Khan - Election 2018,timothy+a+representa+huelskamp+campaign+speech,https://www.youtube.com/watch?v=xk7AWjFcmqQ
The Speech that Made Obama President,robert+edward+blake+campaign+speech,https://www.youtube.com/watch?v=OFPwDe22CoY
Kennedy Declares Presidential Bid,robert+edward+blake+campaign+speech,https://www.youtube.com/watch?v=9-UYpwtH0pg
1968 Presidential Election: RFK Announces He's Running,robert+edward+blake+campaign+speech,https://www.youtube.com/watch?v=yBk1cUSM7lI
Robert F. Kennedy - University of Kansas Address,robert+edward+blake+campaign+speech,https://www.youtube.com/watch?v=z7-G3PC_868
Robert F. Kennedy's 1968 Presidential Campaign: Would He Have Won the Election? (2008),robert+edward+blake+campaign+speech,https://www.youtube.com/watch?v=b_yryYg21J8
"""A Time for Choosing"" by Ronald Reagan",robert+edward+blake+campaign+speech,https://www.youtube.com/watch?v=qXBswFfh6AY
How to Win your Student Council Election,robert+edward+blake+campaign+speech,https://www.youtube.com/watch?v=EwVXDP92dXs
ADOLF HITLER  PRE-ELECTION  SPEECH  1932   (Engl. Subt.),robert+edward+blake+campaign+speech,https://www.youtube.com/watch?v=4bc-MrsEBIE
Bishop Charles E. Blake @ Southwestern FL Jurisdiction Holy Convocation (Part 1),robert+edward+blake+campaign+speech,https://www.youtube.com/watch?v=H3vvh5jeFlc
Speech that Made Trump President,robert+edward+blake+campaign+speech,https://www.youtube.com/watch?v=szaKnOhJbow
The Greatest Highschool Presidential Speech Ever - Subtitled [HD] Daniel Thompson,robert+edward+blake+campaign+speech,https://www.youtube.com/watch?v=InklGsjyxwo
The Speech that Won Donald Trump the Whitehouse,robert+edward+blake+campaign+speech,https://www.youtube.com/watch?v=PfJYmJOgnX8
"President Obama's Full Speech from His Final Rally -  Des Moines, Iowa",robert+edward+blake+campaign+speech,https://www.youtube.com/watch?v=pAV9Tic_bYo
Abby Blake's campaign speech,robert+edward+blake+campaign+speech,https://www.youtube.com/watch?v=lgV_ts5U_LM
Bobby Kennedy- Menace of Violence Speech,robert+edward+blake+campaign+speech,https://www.youtube.com/watch?v=hMc7Xk86JKg
"Martin Luther King, Jr.’s assassination & Robert Kennedy’s greatest speech",robert+edward+blake+campaign+speech,https://www.youtube.com/watch?v=sofZTi3dOW0
Winning Student Council Elections With A Meme || campaign and speech!,robert+edward+blake+campaign+speech,https://www.youtube.com/watch?v=xVCyjYeGXTs
Obama's Complete Victory Speech | Election 2012 | The New York Times,robert+edward+blake+campaign+speech,https://www.youtube.com/watch?v=nv9NwKAjmt0
"Full Speech: Donald Trump Rally in Bangor, Maine (10/15/2016) Trump Live Bangor Maine Speech",robert+edward+blake+campaign+speech,https://www.youtube.com/watch?v=2ZjRJmMmVb4
Bobi Wine's Last Campaign Speech Ahead of Thursday Elections,robert+edward+blake+campaign+speech,https://www.youtube.com/watch?v=dKWCGUc-KlE
Jenaly's Presidential Election Speech,roger+starner+dr.+jones+campaign+speech,https://www.youtube.com/watch?v=QDqS3Z4SVqE
The Greatest Highschool Presidential Speech Ever - Subtitled [HD] Daniel Thompson,roger+starner+dr.+jones+campaign+speech,https://www.youtube.com/watch?v=InklGsjyxwo
This Video Will Get Donald Trump Elected,roger+starner+dr.+jones+campaign+speech,https://www.youtube.com/watch?v=G2qIXXafxCQ
How to Win your Student Council Election,roger+starner+dr.+jones+campaign+speech,https://www.youtube.com/watch?v=EwVXDP92dXs
Barack Obama: Yes We Can,roger+starner+dr.+jones+campaign+speech,https://www.youtube.com/watch?v=Fe751kMBwms
The Speech that Made Obama President,roger+starner+dr.+jones+campaign+speech,https://www.youtube.com/watch?v=OFPwDe22CoY
ADOLF HITLER  PRE-ELECTION  SPEECH  1932   (Engl. Subt.),roger+starner+dr.+jones+campaign+speech,https://www.youtube.com/watch?v=4bc-MrsEBIE
Student Council Campaign Speeches 2017,roger+starner+dr.+jones+campaign+speech,https://www.youtube.com/watch?v=LfuNqmmWQ2k
GCHS Student Council Election Speeches - 2017,roger+starner+dr.+jones+campaign+speech,https://www.youtube.com/watch?v=mlYfza6wAeU
Donald Trump's Funniest Insults and Comebacks,roger+starner+dr.+jones+campaign+speech,https://www.youtube.com/watch?v=C-n3AMxdgsY
"""A Time for Choosing"" by Ronald Reagan",roger+starner+dr.+jones+campaign+speech,https://www.youtube.com/watch?v=qXBswFfh6AY
Donald Trump compilation: The 90 most shocking things he's said during election campaign,roger+starner+dr.+jones+campaign+speech,https://www.youtube.com/watch?v=kAIfU5RBBso
Reagan Campaign event. 31 October 1980,roger+starner+dr.+jones+campaign+speech,https://www.youtube.com/watch?v=inP4mEU4LVs
Influential President Obama Campaign speech,roger+starner+dr.+jones+campaign+speech,https://www.youtube.com/watch?v=LgrL5NO07lI
Bernie Sanders Super Tuesday Speech,roger+starner+dr.+jones+campaign+speech,https://www.youtube.com/watch?v=f7MQQ3jrpzQ
"President Obama's Full Speech from His Final Rally -  Des Moines, Iowa",roger+starner+dr.+jones+campaign+speech,https://www.youtube.com/watch?v=pAV9Tic_bYo
Trump unscripted and unleashed in Pennsylvania stump speech,roger+starner+dr.+jones+campaign+speech,https://www.youtube.com/watch?v=Ke4FykCxwcc
Obama's Complete Victory Speech | Election 2012 | The New York Times,roger+starner+dr.+jones+campaign+speech,https://www.youtube.com/watch?v=nv9NwKAjmt0
Jibran Nasir Great Speech During Election Campaign,roger+starner+dr.+jones+campaign+speech,https://www.youtube.com/watch?v=F-_ZNznApEg
"Full Speech: Donald Trump Rally in Bangor, Maine (10/15/2016) Trump Live Bangor Maine Speech",roger+starner+dr.+jones+campaign+speech,https://www.youtube.com/watch?v=2ZjRJmMmVb4
