,title,keywords,url,,,,,good
941,Adam B. Schiff speaks at University of Pennsylvania,adam+schiff+campaign+speech,https://www.youtube.com/watch?v=lRpyb_MKpkM,,,,,
942,Schiff criticizes Trump speech on human rights,adam+schiff+campaign+speech,https://www.youtube.com/watch?v=VCStRYMX6PA,,,,,
943,Rep. Adam Schiff Lays Out Evidence For Russian Involvement In Presidential Election,adam+schiff+campaign+speech,https://www.youtube.com/watch?v=vDO87d8XYiE,,,,,
944,Rep. Adam Schiff calls Trump's comment about press 'most alarming' remark since election,adam+schiff+campaign+speech,https://www.youtube.com/watch?v=z7JvuLU7yVg,,,,,
945,Rep. Adam Schiff: We've Subpoenaed Cory Lewandowski For Answers In Russia Probe | MSNBC,adam+schiff+campaign+speech,https://www.youtube.com/watch?v=fYa6mqkq7EE,,,,,
946,Congressman Adam Schiff Has Ideas On How The US Can Prevent Election Meddling | Morning Joe | MSNBC,adam+schiff+campaign+speech,https://www.youtube.com/watch?v=Ds8VkDYDFgo,,,,,
947,"KQED Newsroom | Adam Schiff, Kevin de Leon, CA Chief Justice",adam+schiff+campaign+speech,https://www.youtube.com/watch?v=duyzmkRDA8o,,,,,
948,Congressman Adam Schiff,adam+schiff+campaign+speech,https://www.youtube.com/watch?v=Xa9VjK1tyKs,,,,,
949,"Rep. Adam Schiff sings ""Meet the Mets"" (C-SPAN)",adam+schiff+campaign+speech,https://www.youtube.com/watch?v=VIX-dR2L0rQ,,,,,
950,Rep. Adam Schiff reacts to Russia hearing,adam+schiff+campaign+speech,https://www.youtube.com/watch?v=z3BBMHOjK6g,,,,,
951,Rep Adam Schiff: Hesitancy to dig into possible Trump campaign-Russia collusion,adam+schiff+campaign+speech,https://www.youtube.com/watch?v=eLaXItxzY0E,,,,,
952,The role of Congress in protecting liberal democracy,adam+schiff+campaign+speech,https://www.youtube.com/watch?v=bgY6v6jDeyg,,,,,
953,Schiff: â€˜No evidenceâ€™ of â€˜spy in the Trump campaignâ€™,adam+schiff+campaign+speech,https://www.youtube.com/watch?v=p1jelp2_kRc,,,,,
954,Dems demand briefings on whether Russia titled election,adam+schiff+campaign+speech,https://www.youtube.com/watch?v=DZwC3NfH84o,,,,,
955,Schiff: We need independent commission,adam+schiff+campaign+speech,https://www.youtube.com/watch?v=jc5ZeyJfXC0,,,,,
956,"Nothing to support claim FBI placed spy in Trump campaign, Schiff says",adam+schiff+campaign+speech,https://www.youtube.com/watch?v=pDeIw1o-Ijw,,,,,
957,Rep. Adam Schiff: FBI Director Made 'Terrible Error in Judgment',adam+schiff+campaign+speech,https://www.youtube.com/watch?v=E2IuxXgEciA,,,,,
958,Representative Adam Schiff at DNC 2016,adam+schiff+campaign+speech,https://www.youtube.com/watch?v=KuFOV1spLC4,,,,,x
959,"Rep. Adam Schiff, Gig Economy Rules, CA GOP Convention",adam+schiff+campaign+speech,https://www.youtube.com/watch?v=axur0sHZyf4,,,,,
960,Adam Schiff Press Conference On President Trump and Russia 3/30/2017,adam+schiff+campaign+speech,https://www.youtube.com/watch?v=HQuhhH3faXo,,,,,
1701,GOP Rep. Gaetz Says Farm Bill Wasn't Conservative Enough,matt+gaetz+campaign+speech,https://www.youtube.com/watch?v=1oUi9gGtp3o,,,,,
1702,Look Whoâ€™s Talking: Rep. Matt Gaetz,matt+gaetz+campaign+speech,https://www.youtube.com/watch?v=imYsHwSaXco,,,,,
1703,GOP Rep. Matt Gaetz Describes Haiti As 'Sheet Metal And Garbage' | All In | MSNBC,matt+gaetz+campaign+speech,https://www.youtube.com/watch?v=Z31C6I9YUbg,,,,,
1704,Intel community shouldnâ€™t be used by political parties: Rep. Gaetz,matt+gaetz+campaign+speech,https://www.youtube.com/watch?v=3IpoSKlcfuE,,,,,
1705,Paul Ryan is a defender of the deep state: Rep. Gaetz,matt+gaetz+campaign+speech,https://www.youtube.com/watch?v=Ikn-74k_eLQ,,,,,
1706,Donald Trump Jr. campaigns for Matt Gaetz in Niceville,matt+gaetz+campaign+speech,https://www.youtube.com/watch?v=ufvpifhJ-yQ,,,,,
1707,Rep. Gaetz: I hope we donâ€™t rush to gun control,matt+gaetz+campaign+speech,https://www.youtube.com/watch?v=hNdyRYudcpc,,,,,
1708,Congressman: Fire Robert Mueller,matt+gaetz+campaign+speech,https://www.youtube.com/watch?v=G36ESjiFYu4,,,,,
1709,Dueling Protests at Congressman Matt Gaetz Town Hall Event,matt+gaetz+campaign+speech,https://www.youtube.com/watch?v=XjI_VZfid0c,,,,,
1710,Reps. Gaetz and Jordan call for a second special counsel,matt+gaetz+campaign+speech,https://www.youtube.com/watch?v=s2c_YROmt7g,,,,,
1711,ONE on ONE with Rep. Matt Gaetz,matt+gaetz+campaign+speech,https://www.youtube.com/watch?v=TsppJ5VlV7o,,,,,
1712,Robert Mueller needs to resign from Russia probe: Rep. Gaetz,matt+gaetz+campaign+speech,https://www.youtube.com/watch?v=kAVysB6_QiQ,,,,,
1713,Rudy Giuliani says Trump should be interviewed by Mueller,matt+gaetz+campaign+speech,https://www.youtube.com/watch?v=a6ClqfQuUSM,,,,,
1714,Trump Calls Informant on His 2016 Campaign 'Spygate',matt+gaetz+campaign+speech,https://www.youtube.com/watch?v=nHwJ-vguwq4,,,,,
1715,Congressman Gaetz Supports Sen. Jeff Sessions Confirmation,matt+gaetz+campaign+speech,https://www.youtube.com/watch?v=zjVdArvHSpI,,,,,
1716,Gaetz Speaking at Trump Rally,matt+gaetz+campaign+speech,https://www.youtube.com/watch?v=POo7eAHPPgc,,,,,x
1717,Voters want a special counsel to investigate Clinton: Poll,matt+gaetz+campaign+speech,https://www.youtube.com/watch?v=CGhxDmUUaFw,,,,,
1718,Congressman Gaetz opens for President Trump,matt+gaetz+campaign+speech,https://www.youtube.com/watch?v=NryM8Bzojsk,,,,,
1719,"Rep. Matt Gaetz Files Rep. Schiff's Original FISA Bill from 2013 - February 27, 2018",matt+gaetz+campaign+speech,https://www.youtube.com/watch?v=4FvAMLNxFsw,,,,,
1720,Fight Back,matt+gaetz+campaign+speech,https://www.youtube.com/watch?v=85zxRkTQEkI,,,,,
1961,Kathy Castor - (D) Hillsborough County,kathy+castor+campaign+speech,https://www.youtube.com/watch?v=DkWv1qksCL4,,,,,
1962,ZUCKERBERG TESTIMONY: Rep. Kathy Castor grills Facebook CEO Mark Zuckerberg on data collection,kathy+castor+campaign+speech,https://www.youtube.com/watch?v=Z6k5WdVU3D0,,,,,
1963,Democracy 2014: Rep. Kathy Castor,kathy+castor+campaign+speech,https://www.youtube.com/watch?v=Di42E0Uoul8,,,,,
1964,Kathy Castor - Healthcare Town Hall Meeting in Tampa - 8/6,kathy+castor+campaign+speech,https://www.youtube.com/watch?v=_kxaGfClPws,,,,,
1965,RepKathyCastor,kathy+castor+campaign+speech,https://www.youtube.com/user/RepKathyCastor,,,,,
1966,Rep. Kathy Castor - Hate Crimes Legislation,kathy+castor+campaign+speech,https://www.youtube.com/watch?v=C_9NJXvttjk,,,,,x
1967,Mark Zuckerberg pressed on Facebook's collection of personal data,kathy+castor+campaign+speech,https://www.youtube.com/watch?v=WHszEcin5uE,,,,,
1968,LCV Cities Tour - Tampa: Interview with Rep. Kathy Castor on Centro Asturiano,kathy+castor+campaign+speech,https://www.youtube.com/watch?v=7_VTsqMAc-w,,,,,
1969,Democracy 2010: Five minutes with Kathy Castor,kathy+castor+campaign+speech,https://www.youtube.com/watch?v=iW-QMFlPRd4,,,,,
1970,"ðŸ”´ President Trump EXPLOSIVE Speech at MASSIVE Rally with Rep. DeSantis in Tampa, Florida",kathy+castor+campaign+speech,https://www.youtube.com/watch?v=LpJnwHuNhwM,,,,,
1971,5 awkward moments at the Facebook hearing,kathy+castor+campaign+speech,https://www.youtube.com/watch?v=IuPABtlr-rM,,,,,
1972,These are the most confusing questions Congress asked Zuckerberg,kathy+castor+campaign+speech,https://www.youtube.com/watch?v=stXgn2iZAAY,,,,,
1973,Senators Ask Mark Zuckerberg for Help,kathy+castor+campaign+speech,https://www.youtube.com/watch?v=fViHxVwA6hk,,,,,
1974,Kathy Castor opposes Trumpcare,kathy+castor+campaign+speech,https://www.youtube.com/watch?v=0p_FEcxtVc8,,,,,
1975,Barack Obama Vs Kathy Castor: Getting In Their Face,kathy+castor+campaign+speech,https://www.youtube.com/watch?v=RqfIjMJb88Y,,,,,
1976,"Moffitt McKinley Campus Groundbreaking, Representative Kathy Castor",kathy+castor+campaign+speech,https://www.youtube.com/watch?v=ySKCkmK907k,,,,,
1977,Tampa town hall meeting with Kathy Castor,kathy+castor+campaign+speech,https://www.youtube.com/watch?v=HbBgjc56Mxk,,,,,
1978,"ðŸ”´ President Trump EXPLOSIVE Speech at MASSIVE Rally in Tampa, Florida - July 31, 2018",kathy+castor+campaign+speech,https://www.youtube.com/watch?v=iWnWVy5cRqc,,,,,
1979,Rush Limbaugh Gets Scoop on SEIU Kathy Castor Townhall Meeting,kathy+castor+campaign+speech,https://www.youtube.com/watch?v=bMPgs7xoC4w,,,,,
1980,Smart Congresswoman EDUCATES Mark Zuckerberg Like A Child When He Canâ€™t Answer A Basic Questions,kathy+castor+campaign+speech,https://www.youtube.com/watch?v=klNCSWQORTo,,,,,
2241,Rep. Sanford Bishop,sanford+dixon+jr+bishop+campaign+speech,https://www.youtube.com/user/RepSanfordBishop,,,,,
2242,ngaga18 bus session rep sanford bishop movie,sanford+dixon+jr+bishop+campaign+speech,https://www.youtube.com/watch?v=lY7aquf5HTY,,,,,
2243,41NBC/WMGT- Sanford Bishop Luncheon - 01.17.14,sanford+dixon+jr+bishop+campaign+speech,https://www.youtube.com/watch?v=fEU5R67DEUQ,,,,,
2244,Why Sanford Bishop Should Be Re-elected,sanford+dixon+jr+bishop+campaign+speech,https://www.youtube.com/watch?v=WSOhTInuTpA,,,,,
2245,Rep. Sanford Bishop Video Message on Women's History Month,sanford+dixon+jr+bishop+campaign+speech,https://www.youtube.com/watch?v=CwvD0oaEUsU,,,,,
2246,Rep. Sanford Bishop Town Hall Q and A - 05/09/2017,sanford+dixon+jr+bishop+campaign+speech,https://www.youtube.com/watch?v=k5JTdcCyqqw,,,,,
2247,"Ministry of Public Service - Sanford D. Bishop, Jr.",sanford+dixon+jr+bishop+campaign+speech,https://www.youtube.com/watch?v=rBX7T1QyUSo,,,,,
2248,"Sanford Bishop TV ad ""No Problem""",sanford+dixon+jr+bishop+campaign+speech,https://www.youtube.com/watch?v=DKqPs4i4Ei4,,,,,
2249,Sanford Bishop Takes Care of Himself,sanford+dixon+jr+bishop+campaign+speech,https://www.youtube.com/watch?v=IU9i2u_55pA,,,,,
2250,Sanford Bishop Visits Calhoun County Family Connection,sanford+dixon+jr+bishop+campaign+speech,https://www.youtube.com/watch?v=cXEpnwEqZyg,,,,,
2251,Representative Rob Bishop,sanford+dixon+jr+bishop+campaign+speech,https://www.youtube.com/watch?v=GYSI7mfYPKU,,,,,
2252,BishopforCongress,sanford+dixon+jr+bishop+campaign+speech,https://www.youtube.com/channel/UCEQoGBbQkegHWpMjYP6W7hA,,,,,
2253,"Sanford Bishop TV ad ""Choices""",sanford+dixon+jr+bishop+campaign+speech,https://www.youtube.com/watch?v=xHwkOWuRjVA,,,,,
2254,FSMBC 3/12/2017 Congressman Sanford Bishop 7:45 a.m.,sanford+dixon+jr+bishop+campaign+speech,https://www.youtube.com/watch?v=MJs87V348SQ,,,,,
2255,Rep. Sanford Bishop honors Millard Fuller,sanford+dixon+jr+bishop+campaign+speech,https://www.youtube.com/watch?v=FqxbWAnT7V8,,,,,
2256,"Message to America: Wake Up, Get Up, Get Involved by Rep. Sanford Bishop",sanford+dixon+jr+bishop+campaign+speech,https://www.youtube.com/watch?v=6OCP72b6VIU,,,,,x
2257,"Rep. Sanford D. Bishop, Jr.- HBCU Special Orders",sanford+dixon+jr+bishop+campaign+speech,https://www.youtube.com/watch?v=eNZWckpCuFA,,,,,
2258,"Day 25: Congressman Sanford D. Bishop, Jr.",sanford+dixon+jr+bishop+campaign+speech,https://www.youtube.com/watch?v=Q9993638b-s,,,,,
2259,Congressman Bishop Announces STEM Competition,sanford+dixon+jr+bishop+campaign+speech,https://www.youtube.com/watch?v=wxz5xs2qP3Y,,,,,
2260,Iraq Troop Surge Debate : Sanford Bishop - Anti Surge,sanford+dixon+jr+bishop+campaign+speech,https://www.youtube.com/watch?v=66WTIxbuhaY,,,,,
3521,"Joe Kennedy, III delivers speech at RFK celebration",joseph+p+iii+kennedy+campaign+speech,https://www.youtube.com/watch?v=60oXZoxAO0E,,,,,
3522,"Rep. Joe Kennedy, III: Iâ€™m Not Running For President | AM Joy | MSNBC",joseph+p+iii+kennedy+campaign+speech,https://www.youtube.com/watch?v=-CULskWXKKs,,,,,
3523,Rep. Joe Kennedy III delivers Democratic response to State of the Union,joseph+p+iii+kennedy+campaign+speech,https://www.youtube.com/watch?v=92QRj34fLfo,,,,,
3524,Joe Kennedy III Election Night Speech,joseph+p+iii+kennedy+campaign+speech,https://www.youtube.com/watch?v=uyD4Fd2_Ex8,,,,,
3525,"Joe Kennedy III: LGBT rights, white working classes, Presidential run?",joseph+p+iii+kennedy+campaign+speech,https://www.youtube.com/watch?v=NBzbXug20bc,,,,,
3526,Joseph Kennedy III EVISCERATES Trumpcare in Moving Speech,joseph+p+iii+kennedy+campaign+speech,https://www.youtube.com/watch?v=MsZvU9EpGGk,,,,,
3527,Joseph Kennedy introduces Sen. Warren at DNC,joseph+p+iii+kennedy+campaign+speech,https://www.youtube.com/watch?v=kIqcYoE9GQg,,,,,
3528,Congressman Joseph Kennedy III Capital Campaign Speech,joseph+p+iii+kennedy+campaign+speech,https://www.youtube.com/watch?v=U2mcb4F_DDw,,,,,
3529,I'm Running,joseph+p+iii+kennedy+campaign+speech,https://www.youtube.com/watch?v=b7F7MnMdtDw,,,,,
3530,"June 15, 1968 - Edward & Rose Kennedy thanks the nation following Robert F. Kennedy's death",joseph+p+iii+kennedy+campaign+speech,https://www.youtube.com/watch?v=CDmXpcDHwIo,,,,,
3531,President John F. Kennedy's America's Cup speech in 1962 and JPK DD850,joseph+p+iii+kennedy+campaign+speech,https://www.youtube.com/watch?v=00LowBUnlCo,,,,,
3532,Joseph Kennedy speaks in favor of keeping United States out of World War II durin...HD Stock Footage,joseph+p+iii+kennedy+campaign+speech,https://www.youtube.com/watch?v=CSptCL-Q3i4,,,,,
3533,FULL: Joseph P. Kennedy III - Democratic National Convention,joseph+p+iii+kennedy+campaign+speech,https://www.youtube.com/watch?v=5XFF_5sUSac,,,,,x
3534,City Upon a Hill By JFK (Joseph Kennedy III),joseph+p+iii+kennedy+campaign+speech,https://www.youtube.com/watch?v=ek3T8LZA75I,,,,,
3535,Rep. Joe Kennedy III on the Peace Corps,joseph+p+iii+kennedy+campaign+speech,https://www.youtube.com/watch?v=s4JSCXeGTI0,,,,,
3536,Is Joe Kennedy III going to run for President in 2020?,joseph+p+iii+kennedy+campaign+speech,https://www.youtube.com/watch?v=8le4I5LKGxE,,,,,
3537,National Leadership Summit 2018: Rep. Joseph Kennedy III,joseph+p+iii+kennedy+campaign+speech,https://www.youtube.com/watch?v=txrMO3KLvNI,,,,,
3538,FULL SPEECH: 2018 Democratic Response to SOTU,joseph+p+iii+kennedy+campaign+speech,https://www.youtube.com/watch?v=0DBOOhd-OY0,,,,,
3539,"Congressman Joe Kennedy III on His Family, Trump's Tweets, Health Care & Legalizing Pot",joseph+p+iii+kennedy+campaign+speech,https://www.youtube.com/watch?v=W-tAeO60Qz4,,,,,
3540,Patrick Kennedy on support of  Joseph P. Kennedy III,joseph+p+iii+kennedy+campaign+speech,https://www.youtube.com/watch?v=9I9hg3vAiHw,,,,,
3741,"Kennedy-Clinton Dinner, New Hampshire | John K. Delaney",john+k+delaney+campaign+speech,https://www.youtube.com/watch?v=z-NvLskoi7I,,,,,x
3742,Democratic Rep. John Delaney talks 2020 presidential bid,john+k+delaney+campaign+speech,https://www.youtube.com/watch?v=xYW6UokQC8U,,,,,
3743,Why I'm Running,john+k+delaney+campaign+speech,https://www.youtube.com/watch?v=DCCzeFu-7Wg,,,,,
3744,About Me | John K. Delaney,john+k+delaney+campaign+speech,https://www.youtube.com/watch?v=DEds_wM8Kx4,,,,,
3745,Rep. John Delaney on the Ryan Budget,john+k+delaney+campaign+speech,https://www.youtube.com/watch?v=9BtSt_HgoAk,,,,,
3746,Pay for success in government: better outcomes at lower cost | John Delaney | TEDxPennsylvaniaAvenue,john+k+delaney+campaign+speech,https://www.youtube.com/watch?v=_9kAZ225p8E,,,,,
3747,"""Early""",john+k+delaney+campaign+speech,https://www.youtube.com/watch?v=M26J2Xf5E8w,,,,,
3748,Democratic Congressman John Delaney Makes Early Presidential Pitch To US | Morning Joe | MSNBC,john+k+delaney+campaign+speech,https://www.youtube.com/watch?v=XSVSGtHbsPY,,,,,
3749,John K. Delaney on Hill.TV,john+k+delaney+campaign+speech,https://www.youtube.com/watch?v=4QSSGDPzVu0,,,,,
3750,Congressman John K. Delaney,john+k+delaney+campaign+speech,https://www.youtube.com/channel/UCc7fDpVPrm9B9e-ChkXdVtA,,,,,
3751,Maryland Congressman John K. Delaney Announces Run For President,john+k+delaney+campaign+speech,https://www.youtube.com/watch?v=5rYBs0933I8,,,,,
3752,"Cong. John Delaney, Democratic Candidate for President in 2020",john+k+delaney+campaign+speech,https://www.youtube.com/watch?v=QVTnloCkgC4,,,,,
3753,"The First Dem 2020 Presidential Candidate, Congressman John Delaney",john+k+delaney+campaign+speech,https://www.youtube.com/watch?v=AlT9IeC34bA,,,,,
3754,John Delaney - These are My Friends,john+k+delaney+campaign+speech,https://www.youtube.com/watch?v=Ts2l9VoikaQ,,,,,
3755,"""Dirty Word""",john+k+delaney+campaign+speech,https://www.youtube.com/watch?v=olJ-FSClBdo,,,,,
3756,Rep. Delaney Infrastructure Week Speech Part 1,john+k+delaney+campaign+speech,https://www.youtube.com/watch?v=Rm1p04nAd_8,,,,,
3757,John K. Delaney on CNN's New Day,john+k+delaney+campaign+speech,https://www.youtube.com/watch?v=KJ03P1ubD6g,,,,,
3758,How presidential hopeful Rep. John Delaney says he plans to unite a divided nation,john+k+delaney+campaign+speech,https://www.youtube.com/watch?v=1n7QFKH81FA,,,,,
3759,"""Jobs""",john+k+delaney+campaign+speech,https://www.youtube.com/watch?v=8kkOBw_szAE,,,,,
3760,CCL 2018: Closing Keynote Session with Rep. John Delaney,john+k+delaney+campaign+speech,https://www.youtube.com/watch?v=mH0q5FFCKs4,,,,,
4304,Rep. Luetkemeyer  on whether President Trump should break up the big banks,w.+blaine+luetkemeyer+campaign+speech,https://www.youtube.com/watch?v=5ZuoJImXHE4,,,,,
4305,If Trump keeps the pressure on he will win this trade war: Rep. Luetkemeyer,w.+blaine+luetkemeyer+campaign+speech,https://www.youtube.com/watch?v=_EVPEoTxo74,,,,,
4306,My House Floor Speech on the Economic Stimulus Debate,w.+blaine+luetkemeyer+campaign+speech,https://www.youtube.com/watch?v=Xsopa0QeCE4,,,,,
4307,Luetkemeyer: I'll have enough money,w.+blaine+luetkemeyer+campaign+speech,https://www.youtube.com/watch?v=MyhiR70LrQQ,,,,,
4308,Luetkemeyer House Floor Speech Asks Where are the Jobs?,w.+blaine+luetkemeyer+campaign+speech,https://www.youtube.com/watch?v=4phM53PNfnQ,,,,,
4309,Rep. Blaine Luetkemeyer (MO-9) Supports Official English,w.+blaine+luetkemeyer+campaign+speech,https://www.youtube.com/watch?v=t97lBUkH57w,,,,,x
4310,Blaine Luetkemeyer,w.+blaine+luetkemeyer+campaign+speech,https://www.youtube.com/user/BLuetkemeyer,,,,,
4311,Blaine Luetkemeyer,w.+blaine+luetkemeyer+campaign+speech,https://www.youtube.com/watch?v=zjAmcZ0cl6o,,,,,
4312,Blaine Luetkemeyer speaks in CoMo,w.+blaine+luetkemeyer+campaign+speech,https://www.youtube.com/watch?v=C8CNGGBZs7o,,,,,
4313,Luetkemeyer Floor Speech Focuses on Health Care,w.+blaine+luetkemeyer+campaign+speech,https://www.youtube.com/watch?v=eVy3-ut61Yg,,,,,
4314,Luetkemeyer Floor Speech Focuses on Pelosis Health Care Bill,w.+blaine+luetkemeyer+campaign+speech,https://www.youtube.com/watch?v=9R2Ppt10FYY,,,,,
4315,Rep. Luetkemeyer on Key Issues for Financial ServicesÂ Committee,w.+blaine+luetkemeyer+campaign+speech,https://www.youtube.com/watch?v=LrTRyhykYaA,,,,,
4316,Luetkemeyer Takes to the House Floor to Share Concerns of His Constituents,w.+blaine+luetkemeyer+campaign+speech,https://www.youtube.com/watch?v=9ltopQXG7i8,,,,,
4317,Blaine Buzz Episode 17,w.+blaine+luetkemeyer+campaign+speech,https://www.youtube.com/watch?v=N9jGyELIu94,,,,,
4318,Luetkemeyer runs in the Ninth,w.+blaine+luetkemeyer+campaign+speech,https://www.youtube.com/watch?v=SBO_hkIfzo8,,,,,
4319,Luetkemeyer's Speech Draws on Concerns of Hard-Working Missourians to Expose Flawed Health Care Plan,w.+blaine+luetkemeyer+campaign+speech,https://www.youtube.com/watch?v=R7rOQ5_fTKg,,,,,
4320,Q & A with 9th District Republican Blaine Leutkemeyer,w.+blaine+luetkemeyer+campaign+speech,https://www.youtube.com/watch?v=uxVwUH8rx5Q,,,,,
4321,Luetkemeyer Questioning Witnesses During Investigation into Operation Choke Point,w.+blaine+luetkemeyer+campaign+speech,https://www.youtube.com/watch?v=HMIFzMNuYkg,,,,,
4322,Operation Choke Point,w.+blaine+luetkemeyer+campaign+speech,https://www.youtube.com/watch?v=ee6sGTxb74g,,,,,
4323,Blaine Buzz 149-Second Amendment and Conceal and Carry in Missouri,w.+blaine+luetkemeyer+campaign+speech,https://www.youtube.com/watch?v=6jB57gRVRPk,,,,,
5209,How to Win your Student Council Election,mark+eugene+amodei+campaign+speech,https://www.youtube.com/watch?v=EwVXDP92dXs,,,,,
5210,The Greatest Highschool Presidential Speech Ever - Subtitled [HD] Daniel Thompson,mark+eugene+amodei+campaign+speech,https://www.youtube.com/watch?v=InklGsjyxwo,,,,,
5211,"Mark Amodei Wants to ""Cozy Up"" to Paul Ryan, Give Him ""Whatever Support He Needs""",mark+eugene+amodei+campaign+speech,https://www.youtube.com/watch?v=ANn-OBSJTqg,,,,,
5212,Amazing Student Council Campaign Speech,mark+eugene+amodei+campaign+speech,https://www.youtube.com/watch?v=USLZNKBd3_A,,,,,
5213,GCHS Student Council Election Speeches - 2017,mark+eugene+amodei+campaign+speech,https://www.youtube.com/watch?v=mlYfza6wAeU,,,,,
5214,Student Council Campaign Speeches 2017,mark+eugene+amodei+campaign+speech,https://www.youtube.com/watch?v=LfuNqmmWQ2k,,,,,
5215,How To Prepare A Campaign Speech,mark+eugene+amodei+campaign+speech,https://www.youtube.com/watch?v=vVvAe97r4E0,,,,,
5216,2016 Treasurer Campaign Speech,mark+eugene+amodei+campaign+speech,https://www.youtube.com/watch?v=Jtzmv3gE16M,,,,,
5217,Winning Student Council Elections With A Meme || campaign and speech!,mark+eugene+amodei+campaign+speech,https://www.youtube.com/watch?v=xVCyjYeGXTs,,,,,
5218,Leadership Election Speeches,mark+eugene+amodei+campaign+speech,https://www.youtube.com/watch?v=Xo4K1bR0A0k,,,,,
5219,6 Public Speaking Tips To Hook Any Audience,mark+eugene+amodei+campaign+speech,https://www.youtube.com/watch?v=k8GvTgWtR7o,,,,,
5220,Funniest Leadership Speech ever!,mark+eugene+amodei+campaign+speech,https://www.youtube.com/watch?v=SA7bKo4HRTg,,,,,
5221,American History: The Greatest Speeches (1933-2008),mark+eugene+amodei+campaign+speech,https://www.youtube.com/watch?v=vnVwvPpdFeY,,,,,
5222,The Speech that Made Obama President,mark+eugene+amodei+campaign+speech,https://www.youtube.com/watch?v=OFPwDe22CoY,,,,,
5223,The Speech that Won Donald Trump the Whitehouse,mark+eugene+amodei+campaign+speech,https://www.youtube.com/watch?v=PfJYmJOgnX8,,,,,
5224,Speech that Made Trump President,mark+eugene+amodei+campaign+speech,https://www.youtube.com/watch?v=szaKnOhJbow,,,,,
5225,GOP Rep. Mark Amodei talks about Obamacare,mark+eugene+amodei+campaign+speech,https://www.youtube.com/watch?v=4f-76EP1qT4,,,,,
5226,2016 Campaign Speech 5th Grade Secretary,mark+eugene+amodei+campaign+speech,https://www.youtube.com/watch?v=RbEKdTTLfUc,,,,,
5227,Bernie Sanders Super Tuesday Speech,mark+eugene+amodei+campaign+speech,https://www.youtube.com/watch?v=f7MQQ3jrpzQ,,,,,
5228,Carly McDonald Student Council Historian Campaign Speech 2015,mark+eugene+amodei+campaign+speech,https://www.youtube.com/watch?v=iwCUNM6-wjM,,,,,
5689,"ðŸ”´AMAZING President Trump Speech at Claudia Tenney Fundraiser ln Utica, NY Aug. 13, 2018",claudia+tenney+campaign+speech,https://www.youtube.com/watch?v=iFHUyb5CqZo,,,,,
5690,"SIMPLY AMAZING ðŸ”´ President Trump EXPLOSIVE Speech to Supporters in New York - August 13, 2018",claudia+tenney+campaign+speech,https://www.youtube.com/watch?v=N-ReqYXmaZo,,,,,
5691,Trey's introduction and Claudia's speech,claudia+tenney+campaign+speech,https://www.youtube.com/watch?v=ZmN4rcy5sNY,,,,,
5692,Trump speaks at GOP campaign event in New York,claudia+tenney+campaign+speech,https://www.youtube.com/watch?v=lwypJbQJLsU,,,,,
5693,Claudia Tenney says Trump speech was his most unifying to date,claudia+tenney+campaign+speech,https://www.youtube.com/watch?v=7YNlL_KmGqs,,,,,
5694,President Trump Utica Speech 8/13/18 Anybody That Runs Against Trump Suffers,claudia+tenney+campaign+speech,https://www.youtube.com/watch?v=5nysyFJelJk,,,,,
5695,Trump's Commerce Secretary Faces Massive Corruption Investigation,claudia+tenney+campaign+speech,https://www.youtube.com/watch?v=Nfj1qOExtXc,,,,,
5696,President Trump headlines Claudia Tenney fundraiser,claudia+tenney+campaign+speech,https://www.youtube.com/watch?v=KXaKAYGeB54,,,,,
5697,Trump Stumps for Tenney in Utica,claudia+tenney+campaign+speech,https://www.youtube.com/watch?v=Q8rmghjF5o8,,,,,
5698,Rep. Claudia Tenney,claudia+tenney+campaign+speech,https://www.youtube.com/channel/UCOQKVZSiiz9tkwVXYFuyICw,,,,,
5699,Patriot Prosperity PAC Claudia Tenney Wrong For Us,claudia+tenney+campaign+speech,https://www.youtube.com/watch?v=TansD_JCH8c,,,,,
5700,Claudia Tenney discusses President Trump visit,claudia+tenney+campaign+speech,https://www.youtube.com/watch?v=-61s5IVcN60,,,,,
5701,Plaidcast Episode 6 with Congresswoman Claudia Tenney,claudia+tenney+campaign+speech,https://www.youtube.com/watch?v=Pm2FgS--P38,,,,,
5702,"Remarks: Donald Trump Delivers a Speech at a Fundraiser in Utica, NY - August 13, 2018",claudia+tenney+campaign+speech,https://www.youtube.com/watch?v=i01a0onhXXQ,,,,,
5703,Congresswoman Claudia Tenney Shares Details on the Trump Visit,claudia+tenney+campaign+speech,https://www.youtube.com/watch?v=xy5PQ47iw20,,,,,
5704,Claudia Tenney: Whose side are you on?,claudia+tenney+campaign+speech,https://www.youtube.com/watch?v=Bje1_BPK-Oo,,,,,
5705,Richard Hanna blasts Congresswoman Tenney; Will he run again?,claudia+tenney+campaign+speech,https://www.youtube.com/watch?v=dxw6ZNRLPXY,,,,,
5706,ðŸ”´ Trump Rally In New York 18/08/13,claudia+tenney+campaign+speech,https://www.youtube.com/watch?v=d7wAORLj9Sc,,,,,
5707,"Rep. Claudia Tenney Discusses Eminent Domain, #NoHospital Downtown, and U District [Elected News]",claudia+tenney+campaign+speech,https://www.youtube.com/watch?v=N836g8Y5KVk,,,,,x
5708,Rep. Claudia Tenney Previews President Trump's Visit,claudia+tenney+campaign+speech,https://www.youtube.com/watch?v=ZttDk6mQlVU,,,,,
6009,"""Hunger is Not a Game!"" - Congresswoman Marcia L. Fudge",marcia+l+fudge+campaign+speech,https://www.youtube.com/watch?v=xBb6YLrzX7c,,,,,
6010,Rep. Marcia L. Fudge,marcia+l+fudge+campaign+speech,https://www.youtube.com/user/MarciaLFudge,,,,,
6011,U.S. Congresswoman Marcia Fudge speaks at We the People candidates forum,marcia+l+fudge+campaign+speech,https://www.youtube.com/watch?v=5xF8yQ34W3c,,,,,
6012,Rep. Marcia L. Fudge to House Republicans: My Constituents Want the ACA Fixed Not Just Repealed,marcia+l+fudge+campaign+speech,https://www.youtube.com/watch?v=kma9tOdR6d8,,,,,
6013,The Colbert Report - Better Know a District - Ohio's 11th - Marcia Fudge Pt. 1,marcia+l+fudge+campaign+speech,https://www.youtube.com/watch?v=uvPH5BJpLS4,,,,,
6014,Congresswoman Marcia L. Fudge Celebrates Black History Month,marcia+l+fudge+campaign+speech,https://www.youtube.com/watch?v=K5sv8kKCFfU,,,,,
6015,Rep. Marcia L. Fudge recognizes National Childhood Obesity Awareness Month,marcia+l+fudge+campaign+speech,https://www.youtube.com/watch?v=eU1jOCtFEOI,,,,,
6016,Rep. Marcia L. Fudge Stands Up for the Rights of Workers,marcia+l+fudge+campaign+speech,https://www.youtube.com/watch?v=C-doqAkq-1M,,,,,
6017,Rep. Fudge on the Opioid Epidemic,marcia+l+fudge+campaign+speech,https://www.youtube.com/watch?v=kBFma9YTvZI,,,,,
6018,Rep. Marcia L. Fudge Says H.R. 5003 is a Step Backward,marcia+l+fudge+campaign+speech,https://www.youtube.com/watch?v=c7o4x_7Qc0Q,,,,,
6019,Rep. Marcia Fudge speaks over cheers and boos  at the 2016 Democratic National Convention,marcia+l+fudge+campaign+speech,https://www.youtube.com/watch?v=wxMpSdHATOU,,,,,x
6020,FULL: YIKES!!! Marcia Fudge BOO'd throughout ENTIRE SPEECH!!! - Democratic National Convention,marcia+l+fudge+campaign+speech,https://www.youtube.com/watch?v=4eCDYOGO5QI,,,,,
6021,Marcia Fudge Speech Pt. 1/6,marcia+l+fudge+campaign+speech,https://www.youtube.com/watch?v=q4SNxcYVwWo,,,,,
6022,Marcia Fudge tribute to Louis Stokes,marcia+l+fudge+campaign+speech,https://www.youtube.com/watch?v=znyRXO_3VZg,,,,,
6023,Former Secretary of State Hillary Clinton: Congresswoman Marcia Fudge,marcia+l+fudge+campaign+speech,https://www.youtube.com/watch?v=k23nTvaWLzY,,,,,
6024,Rep. Marcia L. Fudge Tells Congressional Colleagues: Itâ€™s Time We Get Our Priorities Straight,marcia+l+fudge+campaign+speech,https://www.youtube.com/watch?v=lYVNfLi6cjI,,,,,
6025,Congressional Leader Marcia L. Fudge of Ohio Receives African American Family History,marcia+l+fudge+campaign+speech,https://www.youtube.com/watch?v=Bo60UgE81n8,,,,,
6026,Congress woman Marcia Fudge shouts out Humble G Tha Fiddla,marcia+l+fudge+campaign+speech,https://www.youtube.com/watch?v=nby07WG1O7Y,,,,,
6027,Marcia Fudge Speech Pt. 3/6,marcia+l+fudge+campaign+speech,https://www.youtube.com/watch?v=D9AW55ukXZg,,,,,
6028,Rep. Marcia L. Fudge Talks the Importance of Medical Research to Ohio's Economy,marcia+l+fudge+campaign+speech,https://www.youtube.com/watch?v=Xiw7VcfgK9Y,,,,,
